Genus	Class	GenID
Starmerella	eukaryota	GRH1
Gilliamella	bacteria	GRH2
Snodgrassella	bacteria	GRH3
Bombilactobacillus	bacteria	GRH4
Acinetobacter	bacteria	GRH5
Azospirillum	bacteria	GRH6
Escherichia	bacteria	GRH7
Pantoea	bacteria	GRH8
Lactobacillus: Firm-5	bacteria	GRH9
Bifidobacteriaceae	bacteria	GRH10
Colpoda	eukaryota	GRH11
Ligilactobacillus	bacteria	GRH12
Alternaria	eukaryota	GRH13
Neisseriaceae	bacteria	GRH14
Hornodermoporus	eukaryota	GRH15
Lactobacillus	bacteria	GRH16
Bifidobacterium	bacteria	GRH17
Arthrobacter	bacteria	GRH18
Aeromonas	bacteria	GRH19
Neisseria	bacteria	GRH20
Agrobacterium	bacteria	GRH21
Wolfiporia	eukaryota	GRH22
Paraburkholderia	bacteria	GRH23
Aspergillus	eukaryota	GRH24
Jonesia	bacteria	GRH25
Calothrix	bacteria	GRH26
Rheinheimera	bacteria	GRH27
Clostridium	bacteria	GRH28
Herbaspirillum	bacteria	GRH29
Ralstonia	bacteria	GRH30
Paecilomyces	eukaryota	GRH31
Tepidimonas	bacteria	GRH32
Knufia	eukaryota	GRH33
Filimonas	bacteria	GRH34
Effusibacillus	bacteria	GRH35
Flaviflexus	bacteria	GRH36
Thermomonas	bacteria	GRH37
Exophiala	eukaryota	GRH38
Staphylococcus	bacteria	GRH39
Hydrogenophaga	bacteria	GRH40
Psychrobacter	bacteria	GRH41
Ustilago	eukaryota	GRH42
Antrihabitans	bacteria	GRH43
Jeotgalibaca	bacteria	GRH44
Anoxybacillus	bacteria	GRH45
Saccharomycopsis	eukaryota	GRH46
Chryseobacterium	bacteria	GRH47
Xanthomonas	bacteria	GRH48
Microlunatus	bacteria	GRH49
Alatosessilispora	eukaryota	GRH50
Hathewaya	bacteria	GRH51
Ascochyta	eukaryota	GRH52
Frischella	bacteria	GRH53
Penicillium	eukaryota	GRH54
Cyanobacterium	bacteria	GRH55
Mediterraneibacter	bacteria	GRH56
Streptococcus	bacteria	GRH57
Pyrenophora	eukaryota	GRH58
Hymenobacter	bacteria	GRH59
Rothia	bacteria	GRH60
Halomonas	bacteria	GRH61
Schaalia	bacteria	GRH62
Gemella	bacteria	GRH63
Veillonella	bacteria	GRH64
Phyllobacterium	bacteria	GRH65
Haemophilus	bacteria	GRH66
Anaerococcus	bacteria	GRH67
Blastococcus	bacteria	GRH68
Gordonia	bacteria	GRH69
Cupriavidus	bacteria	GRH70
Actinomyces	bacteria	GRH71
Lactococcus	bacteria	GRH72
Bacillus	bacteria	GRH73
Debaryomyces	eukaryota	GRH74
Asaia	bacteria	GRH75
Millerozyma	eukaryota	GRH76
Parasaccharibacter	bacteria	GRH77
Bombella	bacteria	GRH78
Kodamaea	eukaryota	GRH79
Loigolactobacillus	bacteria	GRH80
Nevskia	bacteria	GRH81
Lacticaseibacillus	bacteria	GRH82
Vagococcus	bacteria	GRH83
Levilactobacillus	bacteria	GRH84
Serratia	bacteria	GRH85
Shewanella	bacteria	GRH86
Vibrio	bacteria	GRH87
Klebsiella	bacteria	GRH88
Dermacoccus	bacteria	GRH89
Blastobotrys	eukaryota	GRH90
Lactiplantibacillus	bacteria	GRH91
Saitoella	eukaryota	GRH92
Citrobacter	bacteria	GRH93
Apibacter	bacteria	GRH94
Roseicitreum	bacteria	GRH95
Microbulbifer	bacteria	GRH96
Shigella	bacteria	GRH97
Rhodobacter	bacteria	GRH98
Salmonella	bacteria	GRH99
Tatumella	bacteria	GRH100
Leptomonas	eukaryota	GRH101
Crithidia	eukaryota	GRH102
Apilactobacillus	bacteria	GRH103
Lotmaria	eukaryota	GRH104
Acetilactobacillus	bacteria	GRH105
Wolbachia	bacteria	GRH106
Erwinia	bacteria	GRH107
Rhizopus	eukaryota	GRH108
Lelliottia	bacteria	GRH109
Mortierella	eukaryota	GRH110
Metschnikowia	eukaryota	GRH111
Podila	eukaryota	GRH112
Puccinia	eukaryota	GRH113
Bipolaris	eukaryota	GRH114
Phycicoccus	bacteria	GRH115
Fusarium	eukaryota	GRH116
Enterobacteriaceae	bacteria	GRH117
Providencia	bacteria	GRH118
Acetobacteraceae	bacteria	GRH119
Pluralibacter	bacteria	GRH120
Amyloporia	eukaryota	GRH121
Polyporus	eukaryota	GRH122
Cerrena	eukaryota	GRH123
Rigidoporus	eukaryota	GRH124
Photorhabdus	bacteria	GRH125
Truepera	bacteria	GRH126
Aureobasidium	eukaryota	GRH127
Leuconostoc	bacteria	GRH128
Periconia	eukaryota	GRH129
Parastagonospora	eukaryota	GRH130
Teratosphaeria	eukaryota	GRH131
Umbilicaria	eukaryota	GRH132
Cryptocoryneum	eukaryota	GRH133
Massarinaceae	eukaryota	GRH134
Talaromyces	eukaryota	GRH135
Synchytrium	eukaryota	GRH136
Candidatus Pelagibacter	bacteria	GRH137
Francisella	bacteria	GRH138
Patellaria	eukaryota	GRH139
Spissiomyces	eukaryota	GRH140
Aaosphaeria	eukaryota	GRH141
Zymobacter	bacteria	GRH142
Exserohilum	eukaryota	GRH143
Tilletiaria	eukaryota	GRH144
Endocarpon	eukaryota	GRH145
Naumovozyma	eukaryota	GRH146
Kluyveromyces	eukaryota	GRH147
Kwoniella	eukaryota	GRH148
Saprochaete	eukaryota	GRH149
Fischerella	bacteria	GRH150
Leptosphaeria	eukaryota	GRH151
Yamadazyma	eukaryota	GRH152
Cladosporium	eukaryota	GRH153
Komagataella	eukaryota	GRH154
Epilithonimonas	bacteria	GRH155
Pirellula	bacteria	GRH156
Chroococcidiopsis	bacteria	GRH157
Hyphopichia	eukaryota	GRH158
Clavispora	eukaryota	GRH159
Corynebacterium	bacteria	GRH160
Prevotella	bacteria	GRH161
Leishmania	eukaryota	GRH162
Rhizoctonia	eukaryota	GRH163
Fomitopsis	eukaryota	GRH164
Phlebiopsis	eukaryota	GRH165
Tricholoma	eukaryota	GRH166
Veluticeps	eukaryota	GRH167
Entoloma	eukaryota	GRH168
Strelitziana	eukaryota	GRH169
Blumeria	eukaryota	GRH170
Cercospora	eukaryota	GRH171
Cronobacter	bacteria	GRH172
Ganoderma	eukaryota	GRH173
Gloeophyllum	eukaryota	GRH174
Pholiota	eukaryota	GRH175
Fibroporia	eukaryota	GRH176
Mycena	eukaryota	GRH177
Phlebia	eukaryota	GRH178
Waitea	eukaryota	GRH179
Laetisaria	eukaryota	GRH180
Colletotrichum	eukaryota	GRH181
Limosilactobacillus	bacteria	GRH182
Pyricularia	eukaryota	GRH183
Enterobacter	bacteria	GRH184
Dictyostelium	eukaryota	GRH185
Micrococcus	bacteria	GRH186
Rhodococcus	bacteria	GRH187
Wallemia	eukaryota	GRH188
Serpentinimonas	bacteria	GRH189
Cutibacterium	bacteria	GRH190
Zymoseptoria	eukaryota	GRH191
Wickerhamomyces	eukaryota	GRH192
Phoma	eukaryota	GRH193
Streptomyces	bacteria	GRH194
Dietzia	bacteria	GRH195
Moraxella	bacteria	GRH196
Rhizobium	bacteria	GRH197
Kondoa	eukaryota	GRH198
Cystobasidium	eukaryota	GRH199
Paracoccus	bacteria	GRH200
Geodermatophilaceae	bacteria	GRH201
Flavisolibacter	bacteria	GRH202
Phyllactinia	eukaryota	GRH203
Sphingosinithalassobacter	bacteria	GRH204
Sydowia	eukaryota	GRH205
Pithomyces	eukaryota	GRH206
Empedobacter	bacteria	GRH207
Novosphingobium	bacteria	GRH208
Kocuria	bacteria	GRH209
Colpodella	eukaryota	GRH210
Zygosaccharomyces	eukaryota	GRH211
Gardnerella	bacteria	GRH212
Lysinibacillus	bacteria	GRH213
Microbacteriaceae	bacteria	GRH214
Brevibacterium	bacteria	GRH215
Lawsonella	bacteria	GRH216
Leptotrichia	bacteria	GRH217
Treponema	bacteria	GRH218
Pseudoalteromonas	bacteria	GRH219
Flavobacterium	bacteria	GRH220
Exiguobacterium	bacteria	GRH221
Fusobacterium	bacteria	GRH222
Janibacter	bacteria	GRH223
Pseudomonas	bacteria	GRH224
Selenomonas	bacteria	GRH225
Malassezia	eukaryota	GRH226
Cellvibrio	bacteria	GRH227
Yarrowia	eukaryota	GRH228
Capnocytophaga	bacteria	GRH229
Ochrobactrum	bacteria	GRH230
Achromobacter	bacteria	GRH231
Modestobacter	bacteria	GRH232
Roseomonas	bacteria	GRH233
Geodermatophilus	bacteria	GRH234
Phreatobacter	bacteria	GRH235
Delftia	bacteria	GRH236
Tessaracoccus	bacteria	GRH237
Rathayibacter	bacteria	GRH238
Microbacterium	bacteria	GRH239
Nocardioides	bacteria	GRH240
Mucilaginibacter	bacteria	GRH241
Finegoldia	bacteria	GRH242
Sinorhizobium	bacteria	GRH243
Mesorhizobium	bacteria	GRH244
Janthinobacterium	bacteria	GRH245
Massilia	bacteria	GRH246
Brachybacterium	bacteria	GRH247
Stenotrophomonas	bacteria	GRH248
Mycobacteroides	bacteria	GRH249
Uwebraunia	eukaryota	GRH250
Zalaria	eukaryota	GRH251
Hormonema	eukaryota	GRH252
Trichophyton	eukaryota	GRH253
Plectania	eukaryota	GRH254
Pleosporaceae	eukaryota	GRH255
Microascospora	eukaryota	GRH256
Hafnia	bacteria	GRH257
Propionibacterium	bacteria	GRH258
Campylobacter	bacteria	GRH259
Lautropia	bacteria	GRH260
Singulisphaera	bacteria	GRH261
Peptoniphilus	bacteria	GRH262
Leclercia	bacteria	GRH263
Microvirga	bacteria	GRH264
Kytococcus	bacteria	GRH265
Deinococcus	bacteria	GRH266
Friedmanniella	bacteria	GRH267
Sphingobacterium	bacteria	GRH268
Xanthobacter	bacteria	GRH269
Burkholderia	bacteria	GRH270
Phocaeicola	bacteria	GRH271
Granulicatella	bacteria	GRH272
Oribacterium	bacteria	GRH273
Helotiaceae	eukaryota	GRH274
Malasseziaceae	eukaryota	GRH275
Neorhizobium	bacteria	GRH276
Nocardia	bacteria	GRH277
Bacteroides	bacteria	GRH278
Pedobacter	bacteria	GRH279
Bordetella	bacteria	GRH280
Frondihabitans	bacteria	GRH281
Peptostreptococcaceae	bacteria	GRH282
Dolosigranulum	bacteria	GRH283
Pseudoxanthomonas	bacteria	GRH284
Ensifer	bacteria	GRH285
Diaminobutyricimonas	bacteria	GRH286
Sporosarcina	bacteria	GRH287
Kingella	bacteria	GRH288
Cardiobacterium	bacteria	GRH289
Erysiphe	eukaryota	GRH290
Aerococcus	bacteria	GRH291
Curtobacterium	bacteria	GRH292
Shinella	bacteria	GRH293
Aggregatibacter	bacteria	GRH294
Spirosoma	bacteria	GRH295
Brevundimonas	bacteria	GRH296
Thermus	bacteria	GRH297
Lysobacter	bacteria	GRH298
Devosia	bacteria	GRH299
Aureimonas	bacteria	GRH300
Saccharopolyspora	bacteria	GRH301
Qipengyuania	bacteria	GRH302
Luteimonas	bacteria	GRH303
Alloprevotella	bacteria	GRH304
Mycobacterium	bacteria	GRH305
Lachnoanaerobaculum	bacteria	GRH306
Steroidobacter	bacteria	GRH307
Pauljensenia	bacteria	GRH308
Pediococcus	bacteria	GRH309
Actinoplanes	bacteria	GRH310
Pannonibacter	bacteria	GRH311
Tannerella	bacteria	GRH312
Ornithinimicrobium	bacteria	GRH313
Polymorphum	bacteria	GRH314
Bosea	bacteria	GRH315
Variovorax	bacteria	GRH316
Aminobacter	bacteria	GRH317
Parvimonas	bacteria	GRH318
Prorocentrum	eukaryota	GRH319
Acrodontium	eukaryota	GRH320
Mogibacterium	bacteria	GRH321
Phyllosticta	eukaryota	GRH322
Leucosporidium	eukaryota	GRH323
Dothideaceae	eukaryota	GRH324
Duganella	bacteria	GRH325
Mannheimia	bacteria	GRH326
Lancefieldella	bacteria	GRH327
Comamonas	bacteria	GRH328
Oscillatoria	bacteria	GRH329
Actinobacillus	bacteria	GRH330
Lachnospiraceae	bacteria	GRH331
Porphyromonas	bacteria	GRH332
Asticcacaulis	bacteria	GRH333
Diplodia	eukaryota	GRH334
Lobosporangium	eukaryota	GRH335
Plasmodium	eukaryota	GRH336
Schlegelella	bacteria	GRH337
Paenibacillus	bacteria	GRH338
Zymomonas	bacteria	GRH339
Limnohabitans	bacteria	GRH340
Cedecea	bacteria	GRH341
Apiotrichum	eukaryota	GRH342
Faecalibacterium	bacteria	GRH343
Botrytis	eukaryota	GRH344
Meiothermus	bacteria	GRH345
Methylobacterium	bacteria	GRH346
Mucor	eukaryota	GRH347
Pseudogymnoascus	eukaryota	GRH348
Meyerozyma	eukaryota	GRH349
Lasiodiplodia	eukaryota	GRH350
Venustampulla	eukaryota	GRH351
Nakaseomyces	eukaryota	GRH352
Swingsia	bacteria	GRH353
Mycoplasmopsis	bacteria	GRH354
Albugo	eukaryota	GRH355
Mycoplasma	bacteria	GRH356
Golovinomyces	eukaryota	GRH357
Buttiauxella	bacteria	GRH358
Claviceps	eukaryota	GRH359
Saprolegnia	eukaryota	GRH360
Enterococcus	bacteria	GRH361
Rhodospirillum	bacteria	GRH362
Amycolatopsis	bacteria	GRH363
Pseudonocardia	bacteria	GRH364
Saccharomyces	eukaryota	GRH365
Theileria	eukaryota	GRH366
Candida	eukaryota	GRH367
Blastomyces	eukaryota	GRH368
Didymella	eukaryota	GRH369
Clonostachys	eukaryota	GRH370
Sphaerulina	eukaryota	GRH371
Tilletiopsis	eukaryota	GRH372
Limnobacter	bacteria	GRH373
Cutaneotrichosporon	eukaryota	GRH374
Plantibacter	bacteria	GRH375
Raoultella	bacteria	GRH376
Beauveria	eukaryota	GRH377
Phytobacter	bacteria	GRH378
Pectobacterium	bacteria	GRH379
Sordaria	eukaryota	GRH380
Parasitella	eukaryota	GRH381
Undibacterium	bacteria	GRH382
Natronomonas	archaea	GRH383
Sparassis	eukaryota	GRH384
Mytilinidion	eukaryota	GRH385
Rahnella	bacteria	GRH386
Curvibacter	bacteria	GRH387
Anabaena	bacteria	GRH388
Zasmidium	eukaryota	GRH389
Lichtheimia	eukaryota	GRH390
Methylophilus	bacteria	GRH391
Secundilactobacillus	bacteria	GRH392
Pneumocystis	eukaryota	GRH393
Baudoinia	eukaryota	GRH394
Methylothermaceae	bacteria	GRH395
Leifsonia	bacteria	GRH396
Cyberlindnera	eukaryota	GRH397
Sphingomonas	bacteria	GRH398
Croceicoccus	bacteria	GRH399
Brucella	bacteria	GRH400
Aquabacterium	bacteria	GRH401
Porphyrobacter	bacteria	GRH402
Legionella	bacteria	GRH403
Dechloromonas	bacteria	GRH404
Pestalotiopsis	eukaryota	GRH405
Methylorubrum	bacteria	GRH406
Sphingopyxis	bacteria	GRH407
Rhizorhabdus	bacteria	GRH408
Mameliella	bacteria	GRH409
Maricaulis	bacteria	GRH410
Candidatus Phaeomarinobacter	bacteria	GRH411
Marinobacter	bacteria	GRH412
Planctomyces	bacteria	GRH413
Trichosporon	eukaryota	GRH414
Blastomonas	bacteria	GRH415
Thermothelomyces	eukaryota	GRH416
Alteromonas	bacteria	GRH417
Aplosporella	eukaryota	GRH418
Nocardioidaceae	bacteria	GRH419
Nordella	bacteria	GRH420
Arenibacter	bacteria	GRH421
Holtermannia	eukaryota	GRH422
Alkalibacterium	bacteria	GRH423
Glycocaulis	bacteria	GRH424
Aurantiacibacter	bacteria	GRH425
Inhella	bacteria	GRH426
Roseovarius	bacteria	GRH427
Podospora	eukaryota	GRH428
Sulfitobacter	bacteria	GRH429
Aeribacillus	bacteria	GRH430
Salipiger	bacteria	GRH431
Herminiimonas	bacteria	GRH432
Mitsuaria	bacteria	GRH433
Kinneretia	bacteria	GRH434
Myroides	bacteria	GRH435
Sanguibacter	bacteria	GRH436
Erythrobacter	bacteria	GRH437
Granulibacter	bacteria	GRH438
Thiomonas	bacteria	GRH439
Sphingosinicella	bacteria	GRH440
Flammulina	eukaryota	GRH441
Trametes	eukaryota	GRH442
Caldicellulosiruptor	bacteria	GRH443
Anthracocystis	eukaryota	GRH444
Moniliella	eukaryota	GRH445
Vanderwaltozyma	eukaryota	GRH446
Lachancea	eukaryota	GRH447
Jaminaea	eukaryota	GRH448
Melanopsichium	eukaryota	GRH449
Mixta	bacteria	GRH450
Carnobacterium	bacteria	GRH451
Tsuneonella	bacteria	GRH452
Armillaria	eukaryota	GRH453
Cryptococcus	eukaryota	GRH454
Commensalibacter	bacteria	GRH455
Bartonella	bacteria	GRH456
Orbus	bacteria	GRH457
Fructobacillus	bacteria	GRH458
Sodalis	bacteria	GRH459
Chondrocystis	bacteria	GRH460
Candidatus Carsonella	bacteria	GRH461
Nosema	eukaryota	GRH462
Microsporidium	eukaryota	GRH463
Umezawaea	bacteria	GRH464
Actinosynnema	bacteria	GRH465
Spiroplasma	bacteria	GRH466
Izhakiella	bacteria	GRH467
Buchnera	bacteria	GRH468
Kosakonia	bacteria	GRH469
Candidatus Lariskella	bacteria	GRH470
Tsukamurella	bacteria	GRH471
Trypanosoma	eukaryota	GRH472
Carnimonas	bacteria	GRH473
Pigmentiphaga	bacteria	GRH474
Wallaceina	eukaryota	GRH475
Morganella	bacteria	GRH476
Paenarthrobacter	bacteria	GRH477
Ramularia	eukaryota	GRH478
Latilactobacillus	bacteria	GRH479
Paludibacter	bacteria	GRH480
Polaromonas	bacteria	GRH481
Kaistella	bacteria	GRH482
Sandaracinus	bacteria	GRH483
Ascogregarina	eukaryota	GRH484
Bernardetia	bacteria	GRH485
Stemphylium	eukaryota	GRH486
Salinibacterium	bacteria	GRH487
Rosenbergiella	bacteria	GRH488
Dyadobacter	bacteria	GRH489
Bacteriovorax	bacteria	GRH490
Psychromonas	bacteria	GRH491
Aquipluma	bacteria	GRH492
Apicystis	eukaryota	GRH493
Chryseoglobus	bacteria	GRH494
Methylotenera	bacteria	GRH495
Entomophthora	eukaryota	GRH496
Pseudarthrobacter	bacteria	GRH497
Bdellovibrio	bacteria	GRH498
Arcobacter	bacteria	GRH499
Miniimonas	bacteria	GRH500
Cryobacterium	bacteria	GRH501
Pasteurellaceae	bacteria	GRH502
Thioclava	bacteria	GRH503
Weissella	bacteria	GRH504
Chrysoporthe	eukaryota	GRH505
Ceraceosorus	eukaryota	GRH506
Heterobasidion	eukaryota	GRH507
Acytostelium	eukaryota	GRH508
Kuraishia	eukaryota	GRH509
Coniophora	eukaryota	GRH510
Egicoccus	bacteria	GRH511
Lonsdalea	bacteria	GRH512
Dickeya	bacteria	GRH513
Brenneria	bacteria	GRH514
Gibbsiella	bacteria	GRH515
Yersinia	bacteria	GRH516
Erwiniaceae	bacteria	GRH517
Candidatus Curculioniphilus	bacteria	GRH518
Rhodosporidiobolus	eukaryota	GRH519
Naganishia	eukaryota	GRH520
Rhodotorula	eukaryota	GRH521
Protostelium	eukaryota	GRH522
Isospora	eukaryota	GRH523
Curvibasidium	eukaryota	GRH524
Sporisorium	eukaryota	GRH525
Zelonia	eukaryota	GRH526
Macroventuria	eukaryota	GRH527
Phialophora	eukaryota	GRH528
Paraphaeosphaeria	eukaryota	GRH529
Neurospora	eukaryota	GRH530
Cryptosporidium	eukaryota	GRH531
Arsenophonus	bacteria	GRH532
Babesia	eukaryota	GRH533
Naegleria	eukaryota	GRH534
Spizellomyces	eukaryota	GRH535
Phycomyces	eukaryota	GRH536
Neohortaea	eukaryota	GRH537
Kazachstania	eukaryota	GRH538
Suhomyces	eukaryota	GRH539
Dissoconium	eukaryota	GRH540
Purpureocillium	eukaryota	GRH541
Verticillium	eukaryota	GRH542
Trichoderma	eukaryota	GRH543
Eimeria	eukaryota	GRH544
Bombiscardovia	bacteria	GRH545
Tetrapisispora	eukaryota	GRH546
Torulaspora	eukaryota	GRH547
Spathaspora	eukaryota	GRH548
Zygotorulaspora	eukaryota	GRH549
Pseudocercospora	eukaryota	GRH550
Cordyceps	eukaryota	GRH551
Fonsecaea	eukaryota	GRH552
Proteus	bacteria	GRH553
Clostridioides	bacteria	GRH554
Scheffersomyces	eukaryota	GRH555
Sclerotinia	eukaryota	GRH556
Kockovaella	eukaryota	GRH557
Encephalitozoon	eukaryota	GRH558
Lodderomyces	eukaryota	GRH559
Trematosphaeria	eukaryota	GRH560
Rhamphoria	eukaryota	GRH561
Neospora	eukaryota	GRH562
Cyclospora	eukaryota	GRH563
Aphanomyces	eukaryota	GRH564
Batrachochytrium	eukaryota	GRH565
Tetrahymena	eukaryota	GRH566
Brettanomyces	eukaryota	GRH567
Ogataea	eukaryota	GRH568
Entomomonas	bacteria	GRH569
Euglena	eukaryota	GRH570
Melampsora	eukaryota	GRH571
Phaffia	eukaryota	GRH572
Tuber	eukaryota	GRH573
Cunninghamella	eukaryota	GRH574
Rasamsonia	eukaryota	GRH575
Anteholosticha	eukaryota	GRH576
Globobulimina	eukaryota	GRH577
Thermothielavioides	eukaryota	GRH578
Postia	eukaryota	GRH579
Alistipes	bacteria	GRH580
Glaesserella	bacteria	GRH581
Bonordeniella	eukaryota	GRH582
Kluyvera	bacteria	GRH583
Meira	eukaryota	GRH584
Moesziomyces	eukaryota	GRH585
Pleurotus	eukaryota	GRH586
Pichia	eukaryota	GRH587
Ordospora	eukaryota	GRH588
Venturia	eukaryota	GRH589
Coprinopsis	eukaryota	GRH590
Diutina	eukaryota	GRH591
Cavenderia	eukaryota	GRH592
Chaetomium	eukaryota	GRH593
Geosmithia	eukaryota	GRH594
Westerdykella	eukaryota	GRH595
Haemocystidium	eukaryota	GRH596
Hepatospora	eukaryota	GRH597
Polaribacter	bacteria	GRH598
Capronia	eukaryota	GRH599
Pragia	bacteria	GRH600
Polynucleobacter	bacteria	GRH601
Stereum	eukaryota	GRH602
Phytophthora	eukaryota	GRH603
Babjeviella	eukaryota	GRH604
Marssonina	eukaryota	GRH605
Xylona	eukaryota	GRH606
Dothidotthia	eukaryota	GRH607
Sodiomyces	eukaryota	GRH608
Penicilliopsis	eukaryota	GRH609
Dichomitus	eukaryota	GRH610
Cetraria	eukaryota	GRH611
Parabacteroides	bacteria	GRH612
Eikenella	bacteria	GRH613
Angomonas	eukaryota	GRH614
Arthrobotrys	eukaryota	GRH615
Saccharibacter	bacteria	GRH616
Cladophialophora	eukaryota	GRH617
Thyridium	eukaryota	GRH618
Parashewanella	bacteria	GRH619
Thalassotalea	bacteria	GRH620
Schizosaccharomyces	eukaryota	GRH621
Candidatus Nardonella	bacteria	GRH622
Anncaliia	eukaryota	GRH623
Afipia	bacteria	GRH624
Sugiyamaella	eukaryota	GRH625
Botryobasidium	eukaryota	GRH626
Herpetomonas	eukaryota	GRH627
Entamoeba	eukaryota	GRH628
Labilithrix	bacteria	GRH629
Atlantibacter	bacteria	GRH630
Dermabacter	bacteria	GRH631
Strigomonas	eukaryota	GRH632
Rhizophagus	eukaryota	GRH633
Brachyspira	bacteria	GRH634
Laribacter	bacteria	GRH635
Eremothecium	eukaryota	GRH636
Carnobacteriaceae	bacteria	GRH637
Allofrancisella	bacteria	GRH638
Collimonas	bacteria	GRH639
Thalassococcus	bacteria	GRH640
Alcaligenes	bacteria	GRH641
Leptothrix	bacteria	GRH642
Phenylobacterium	bacteria	GRH643
Blautia	bacteria	GRH644
Gloeocapsa	bacteria	GRH645
Gloeocapsopsis	bacteria	GRH646
Gluconacetobacter	bacteria	GRH647
Catenomyces	eukaryota	GRH648
Rhodoferax	bacteria	GRH649
Chelatococcus	bacteria	GRH650
Cobetia	bacteria	GRH651
Hydrogenophilus	bacteria	GRH652
Marinilactibacillus	bacteria	GRH653
Acidothermus	bacteria	GRH654
Aspergillaceae	eukaryota	GRH655
Dysgonomonas	bacteria	GRH656
Alcanivorax	bacteria	GRH657
Creolimax	eukaryota	GRH658
Thecamonas	eukaryota	GRH659
Candidatus Planktophila	bacteria	GRH660
Acidovorax	bacteria	GRH661
Alicycliphilus	bacteria	GRH662
Burkholderiaceae	bacteria	GRH663
Edwardsiella	bacteria	GRH664
Phaeosphaeriaceae	eukaryota	GRH665
Arthrinium	eukaryota	GRH666
Lentzea	bacteria	GRH667
Xylophilus	bacteria	GRH668
Rhodothermaceae	bacteria	GRH669
Thermoanaerobacterium	bacteria	GRH670
Cloacibacterium	bacteria	GRH671
Petrimonas	bacteria	GRH672
Ascosphaera	eukaryota	GRH673
Kangiella	bacteria	GRH674
Acetivibrio	bacteria	GRH675
Mattesia	eukaryota	GRH676
Sarcocystis	eukaryota	GRH677
Wallacemonas	eukaryota	GRH678
Wickerhamiella	eukaryota	GRH679
Alexandrium	eukaryota	GRH680
Zobellella	bacteria	GRH681
Neokomagataea	bacteria	GRH682
Graphium	eukaryota	GRH683
Glomeraceae	eukaryota	GRH684
Desulfobulbus	bacteria	GRH685
Kozakia	bacteria	GRH686
Calophoma	eukaryota	GRH687
Scedosporium	eukaryota	GRH688
Pedosphaera	bacteria	GRH689
Heterophoma	eukaryota	GRH690
Microascus	eukaryota	GRH691
Priceomyces	eukaryota	GRH692
Flavihumibacter	bacteria	GRH693
Pseudobacter	bacteria	GRH694
Boeremia	eukaryota	GRH695
Tremellaceae	eukaryota	GRH696
Halotalea	bacteria	GRH697
Photobacterium	bacteria	GRH698
Plesiomonas	bacteria	GRH699
Trypanosomatidae	eukaryota	GRH700
Sporolactobacillus	bacteria	GRH701
Physarum	eukaryota	GRH702
Endotrypanum	eukaryota	GRH703
Simonsiella	bacteria	GRH704
Orbaceae	bacteria	GRH705
Companilactobacillus	bacteria	GRH706
Vitreoscilla	bacteria	GRH707
Acidiphilium	bacteria	GRH708
Tyzzerella	bacteria	GRH709
Alysiella	bacteria	GRH710
Abiotrophia	bacteria	GRH711
Lentilactobacillus	bacteria	GRH712
Fructilactobacillus	bacteria	GRH713
Stenella	eukaryota	GRH714
Bacidina	eukaryota	GRH715
Candidatus Cardinium	bacteria	GRH716
Besnoitia	eukaryota	GRH717
Symmetrospora	eukaryota	GRH718
Gemmata	bacteria	GRH719
Komagataeibacter	bacteria	GRH720
Priestia	bacteria	GRH721
Paratrypanosoma	eukaryota	GRH722
Blastocystis	eukaryota	GRH723
Holomastigotoides	eukaryota	GRH724
Lachnellula	eukaryota	GRH725
Anaerobutyricum	bacteria	GRH726
Hypocoma	eukaryota	GRH727
Galactomyces	eukaryota	GRH728
Virgibacillus	bacteria	GRH729
Strobilidium	eukaryota	GRH730
Metarhizium	eukaryota	GRH731
Tenacibaculum	bacteria	GRH732
Moraxellaceae	bacteria	GRH733
Micropruina	bacteria	GRH734
Ethanoligenens	bacteria	GRH735
Huntiella	eukaryota	GRH736
Macrococcus	bacteria	GRH737
Ophiostoma	eukaryota	GRH738
Microcella	bacteria	GRH739
Alkalihalobacillus	bacteria	GRH740
Winogradskyella	bacteria	GRH741
Paramecium	eukaryota	GRH742
Phlyctema	eukaryota	GRH743
Pseudanabaena	bacteria	GRH744
Fissurina	eukaryota	GRH745
Methanomassiliicoccus	archaea	GRH746
Sporothrix	eukaryota	GRH747
Alicyclobacillus	bacteria	GRH748
Proteiniphilum	bacteria	GRH749
Tubulinosema	eukaryota	GRH750
Pluteus	eukaryota	GRH751
Nowakowskiella	eukaryota	GRH752
Clitocybe	eukaryota	GRH753
Ceratocystis	eukaryota	GRH754
Davidsoniella	eukaryota	GRH755
Ambrosiella	eukaryota	GRH756
Auricularia	eukaryota	GRH757
Pseudomicrostroma	eukaryota	GRH758
Amanita	eukaryota	GRH759
Ambrosiozyma	eukaryota	GRH760
Phialophoropsis	eukaryota	GRH761
Floccularia	eukaryota	GRH762
Lacibacter	bacteria	GRH763
Berkeleyomyces	eukaryota	GRH764
Termitomyces	eukaryota	GRH765
Nakamurella	bacteria	GRH766
Micromonospora	bacteria	GRH767
Tautonia	bacteria	GRH768
Amniculibacterium	bacteria	GRH769
Sandaracinobacter	bacteria	GRH770
Plasmopara	eukaryota	GRH771
Roseobacter	bacteria	GRH772
Roseivivax	bacteria	GRH773
Exidia	eukaryota	GRH774
Sporobolomyces	eukaryota	GRH775
Betapartitivirus	viruses	GRH776
Parvoviridae	viruses	GRH777
Iflavirus	viruses	GRH778
Tobamovirus	viruses	GRH779
Gammaretrovirus	viruses	GRH780
Potexvirus	viruses	GRH781
Siphoviridae	viruses	GRH782
Orthorubulavirus	viruses	GRH783
Lambdavirus	viruses	GRH784
Teseptimavirus	viruses	GRH785
Zindervirus	viruses	GRH786
Sinaivirus	viruses	GRH787
Triatovirus	viruses	GRH788
Teetrevirus	viruses	GRH789
Potyvirus	viruses	GRH790
Polerovirus	viruses	GRH791
Aparavirus	viruses	GRH792
Capillovirus	viruses	GRH793
Dicistroviridae	viruses	GRH794
Peribunyaviridae	viruses	GRH795
Comovirus	viruses	GRH796
Virgaviridae	viruses	GRH797
Orthomyxoviridae	viruses	GRH798
Phlebovirus	viruses	GRH799
Chlorovirus	viruses	GRH800
Cripavirus	viruses	GRH801
Reoviridae	viruses	GRH802
Nepovirus	viruses	GRH803
Rhabdoviridae	viruses	GRH804
Ilarvirus	viruses	GRH805
Fabavirus	viruses	GRH806
Orthophasmavirus	viruses	GRH807
Phasmaviridae	viruses	GRH808
Flaviviridae	viruses	GRH809
Sobemovirus	viruses	GRH810
Betaflexiviridae	viruses	GRH811
Amalgaviridae	viruses	GRH812
Cucumovirus	viruses	GRH813
Betacarmovirus	viruses	GRH814
Maculavirus	viruses	GRH815
Negevirus	viruses	GRH816
Secoviridae	viruses	GRH817
Chuviridae	viruses	GRH818
Tymoviridae	viruses	GRH819
Iflaviridae	viruses	GRH820
