Taxa	Class	taxID
Starmerella	eukaryota	TRH1
Gilliamella	bacteria	TRH2
Snodgrassella	bacteria	TRH3
Bombilactobacillus	bacteria	TRH4
Acinetobacter	bacteria	TRH5
Azospirillum	bacteria	TRH6
Escherichia	bacteria	TRH7
Pantoea	bacteria	TRH8
Lactobacillus: Firm-5	bacteria	TRH9
Bifidobacteriaceae	bacteria	TRH10
Colpoda	eukaryota	TRH11
Ligilactobacillus	bacteria	TRH12
Alternaria	eukaryota	TRH13
Neisseriaceae	bacteria	TRH14
Hornodermoporus	eukaryota	TRH15
Bifidobacterium	bacteria	TRH16
Arthrobacter	bacteria	TRH17
Aeromonas	bacteria	TRH18
Neisseria	bacteria	TRH19
Agrobacterium	bacteria	TRH20
Wolfiporia	eukaryota	TRH21
Paraburkholderia	bacteria	TRH22
Aspergillus	eukaryota	TRH23
Jonesia	bacteria	TRH24
Calothrix	bacteria	TRH25
Rheinheimera	bacteria	TRH26
Clostridium	bacteria	TRH27
Herbaspirillum	bacteria	TRH28
Ralstonia	bacteria	TRH29
Paecilomyces	eukaryota	TRH30
Tepidimonas	bacteria	TRH31
Knufia	eukaryota	TRH32
Filimonas	bacteria	TRH33
Effusibacillus	bacteria	TRH34
Flaviflexus	bacteria	TRH35
Thermomonas	bacteria	TRH36
Exophiala	eukaryota	TRH37
Staphylococcus	bacteria	TRH38
Hydrogenophaga	bacteria	TRH39
Psychrobacter	bacteria	TRH40
Ustilago	eukaryota	TRH41
Antrihabitans	bacteria	TRH42
Jeotgalibaca	bacteria	TRH43
Anoxybacillus	bacteria	TRH44
Saccharomycopsis	eukaryota	TRH45
Chryseobacterium	bacteria	TRH46
Xanthomonas	bacteria	TRH47
Microlunatus	bacteria	TRH48
Lactobacillus	bacteria	TRH49
Alatosessilispora	eukaryota	TRH50
Hathewaya	bacteria	TRH51
Ascochyta	eukaryota	TRH52
Frischella	bacteria	TRH53
Penicillium	eukaryota	TRH54
Cyanobacterium	bacteria	TRH55
Mediterraneibacter	bacteria	TRH56
Streptococcus	bacteria	TRH57
Pyrenophora	eukaryota	TRH58
Hymenobacter	bacteria	TRH59
Rothia	bacteria	TRH60
Halomonas	bacteria	TRH61
Schaalia	bacteria	TRH62
Gemella	bacteria	TRH63
Veillonella	bacteria	TRH64
Phyllobacterium	bacteria	TRH65
Haemophilus	bacteria	TRH66
Anaerococcus	bacteria	TRH67
Blastococcus	bacteria	TRH68
Gordonia	bacteria	TRH69
Cupriavidus	bacteria	TRH70
Actinomyces	bacteria	TRH71
Lactococcus	bacteria	TRH72
Bacillus	bacteria	TRH73
Debaryomyces	eukaryota	TRH74
Asaia	bacteria	TRH75
Millerozyma	eukaryota	TRH76
Parasaccharibacter	bacteria	TRH77
Bombella	bacteria	TRH78
Kodamaea	eukaryota	TRH79
Loigolactobacillus	bacteria	TRH80
Nevskia	bacteria	TRH81
Lacticaseibacillus	bacteria	TRH82
Vagococcus	bacteria	TRH83
Levilactobacillus	bacteria	TRH84
Serratia	bacteria	TRH85
Shewanella	bacteria	TRH86
Vibrio	bacteria	TRH87
Klebsiella	bacteria	TRH88
Dermacoccus	bacteria	TRH89
Blastobotrys	eukaryota	TRH90
Lactiplantibacillus	bacteria	TRH91
Saitoella	eukaryota	TRH92
Citrobacter	bacteria	TRH93
Apibacter	bacteria	TRH94
Roseicitreum	bacteria	TRH95
Microbulbifer	bacteria	TRH96
Shigella	bacteria	TRH97
Rhodobacter	bacteria	TRH98
Salmonella	bacteria	TRH99
Tatumella	bacteria	TRH100
Leptomonas	eukaryota	TRH101
Crithidia	eukaryota	TRH102
Apilactobacillus	bacteria	TRH103
Lotmaria	eukaryota	TRH104
Acetilactobacillus	bacteria	TRH105
Wolbachia	bacteria	TRH106
Erwinia	bacteria	TRH107
Rhizopus	eukaryota	TRH108
Lelliottia	bacteria	TRH109
Mortierella	eukaryota	TRH110
Metschnikowia	eukaryota	TRH111
Podila	eukaryota	TRH112
Puccinia	eukaryota	TRH113
Bipolaris	eukaryota	TRH114
Phycicoccus	bacteria	TRH115
Fusarium	eukaryota	TRH116
Enterobacteriaceae	bacteria	TRH117
Providencia	bacteria	TRH118
Acetobacteraceae	bacteria	TRH119
Pluralibacter	bacteria	TRH120
Amyloporia	eukaryota	TRH121
Polyporus	eukaryota	TRH122
Cerrena	eukaryota	TRH123
Rigidoporus	eukaryota	TRH124
Photorhabdus	bacteria	TRH125
Truepera	bacteria	TRH126
Aureobasidium	eukaryota	TRH127
Leuconostoc	bacteria	TRH128
Periconia	eukaryota	TRH129
Parastagonospora	eukaryota	TRH130
Teratosphaeria	eukaryota	TRH131
Umbilicaria	eukaryota	TRH132
Cryptocoryneum	eukaryota	TRH133
Massarinaceae	eukaryota	TRH134
Talaromyces	eukaryota	TRH135
Synchytrium	eukaryota	TRH136
Candidatus Pelagibacter	bacteria	TRH137
Francisella	bacteria	TRH138
Patellaria	eukaryota	TRH139
Spissiomyces	eukaryota	TRH140
Aaosphaeria	eukaryota	TRH141
Zymobacter	bacteria	TRH142
Exserohilum	eukaryota	TRH143
Tilletiaria	eukaryota	TRH144
Endocarpon	eukaryota	TRH145
Naumovozyma	eukaryota	TRH146
Kluyveromyces	eukaryota	TRH147
Kwoniella	eukaryota	TRH148
Saprochaete	eukaryota	TRH149
Fischerella	bacteria	TRH150
Leptosphaeria	eukaryota	TRH151
Yamadazyma	eukaryota	TRH152
Cladosporium	eukaryota	TRH153
Komagataella	eukaryota	TRH154
Epilithonimonas	bacteria	TRH155
Pirellula	bacteria	TRH156
Chroococcidiopsis	bacteria	TRH157
Hyphopichia	eukaryota	TRH158
Clavispora	eukaryota	TRH159
Corynebacterium	bacteria	TRH160
Prevotella	bacteria	TRH161
Leishmania	eukaryota	TRH162
Rhizoctonia	eukaryota	TRH163
Fomitopsis	eukaryota	TRH164
Phlebiopsis	eukaryota	TRH165
Tricholoma	eukaryota	TRH166
Veluticeps	eukaryota	TRH167
Entoloma	eukaryota	TRH168
Strelitziana	eukaryota	TRH169
Blumeria	eukaryota	TRH170
Cercospora	eukaryota	TRH171
Cronobacter	bacteria	TRH172
Ganoderma	eukaryota	TRH173
Gloeophyllum	eukaryota	TRH174
Pholiota	eukaryota	TRH175
Fibroporia	eukaryota	TRH176
Mycena	eukaryota	TRH177
Phlebia	eukaryota	TRH178
Waitea	eukaryota	TRH179
Laetisaria	eukaryota	TRH180
Colletotrichum	eukaryota	TRH181
Limosilactobacillus	bacteria	TRH182
Pyricularia	eukaryota	TRH183
Enterobacter	bacteria	TRH184
Dictyostelium	eukaryota	TRH185
Micrococcus	bacteria	TRH186
Rhodococcus	bacteria	TRH187
Wallemia	eukaryota	TRH188
Serpentinimonas	bacteria	TRH189
Cutibacterium	bacteria	TRH190
Zymoseptoria	eukaryota	TRH191
Wickerhamomyces	eukaryota	TRH192
Phoma	eukaryota	TRH193
Streptomyces	bacteria	TRH194
Dietzia	bacteria	TRH195
Moraxella	bacteria	TRH196
Rhizobium	bacteria	TRH197
Kondoa	eukaryota	TRH198
Cystobasidium	eukaryota	TRH199
Paracoccus	bacteria	TRH200
Geodermatophilaceae	bacteria	TRH201
Flavisolibacter	bacteria	TRH202
Phyllactinia	eukaryota	TRH203
Sphingosinithalassobacter	bacteria	TRH204
Sydowia	eukaryota	TRH205
Pithomyces	eukaryota	TRH206
Empedobacter	bacteria	TRH207
Novosphingobium	bacteria	TRH208
Kocuria	bacteria	TRH209
Colpodella	eukaryota	TRH210
Zygosaccharomyces	eukaryota	TRH211
Gardnerella	bacteria	TRH212
Lysinibacillus	bacteria	TRH213
Microbacteriaceae	bacteria	TRH214
Brevibacterium	bacteria	TRH215
Lawsonella	bacteria	TRH216
Leptotrichia	bacteria	TRH217
Treponema	bacteria	TRH218
Pseudoalteromonas	bacteria	TRH219
Flavobacterium	bacteria	TRH220
Exiguobacterium	bacteria	TRH221
Fusobacterium	bacteria	TRH222
Janibacter	bacteria	TRH223
Pseudomonas	bacteria	TRH224
Selenomonas	bacteria	TRH225
Malassezia	eukaryota	TRH226
Cellvibrio	bacteria	TRH227
Yarrowia	eukaryota	TRH228
Capnocytophaga	bacteria	TRH229
Ochrobactrum	bacteria	TRH230
Achromobacter	bacteria	TRH231
Modestobacter	bacteria	TRH232
Roseomonas	bacteria	TRH233
Geodermatophilus	bacteria	TRH234
Phreatobacter	bacteria	TRH235
Delftia	bacteria	TRH236
Tessaracoccus	bacteria	TRH237
Rathayibacter	bacteria	TRH238
Microbacterium	bacteria	TRH239
Nocardioides	bacteria	TRH240
Mucilaginibacter	bacteria	TRH241
Finegoldia	bacteria	TRH242
Sinorhizobium	bacteria	TRH243
Mesorhizobium	bacteria	TRH244
Janthinobacterium	bacteria	TRH245
Massilia	bacteria	TRH246
Brachybacterium	bacteria	TRH247
Stenotrophomonas	bacteria	TRH248
Mycobacteroides	bacteria	TRH249
Uwebraunia	eukaryota	TRH250
Zalaria	eukaryota	TRH251
Hormonema	eukaryota	TRH252
Trichophyton	eukaryota	TRH253
Plectania	eukaryota	TRH254
Pleosporaceae	eukaryota	TRH255
Microascospora	eukaryota	TRH256
Hafnia	bacteria	TRH257
Propionibacterium	bacteria	TRH258
Campylobacter	bacteria	TRH259
Lautropia	bacteria	TRH260
Singulisphaera	bacteria	TRH261
Peptoniphilus	bacteria	TRH262
Leclercia	bacteria	TRH263
Microvirga	bacteria	TRH264
Kytococcus	bacteria	TRH265
Deinococcus	bacteria	TRH266
Friedmanniella	bacteria	TRH267
Sphingobacterium	bacteria	TRH268
Xanthobacter	bacteria	TRH269
Burkholderia	bacteria	TRH270
Phocaeicola	bacteria	TRH271
Granulicatella	bacteria	TRH272
Oribacterium	bacteria	TRH273
Helotiaceae	eukaryota	TRH274
Malasseziaceae	eukaryota	TRH275
Neorhizobium	bacteria	TRH276
Nocardia	bacteria	TRH277
Bacteroides	bacteria	TRH278
Pedobacter	bacteria	TRH279
Bordetella	bacteria	TRH280
Frondihabitans	bacteria	TRH281
Peptostreptococcaceae	bacteria	TRH282
Dolosigranulum	bacteria	TRH283
Pseudoxanthomonas	bacteria	TRH284
Ensifer	bacteria	TRH285
Diaminobutyricimonas	bacteria	TRH286
Sporosarcina	bacteria	TRH287
Kingella	bacteria	TRH288
Cardiobacterium	bacteria	TRH289
Erysiphe	eukaryota	TRH290
Aerococcus	bacteria	TRH291
Curtobacterium	bacteria	TRH292
Shinella	bacteria	TRH293
Aggregatibacter	bacteria	TRH294
Spirosoma	bacteria	TRH295
Brevundimonas	bacteria	TRH296
Thermus	bacteria	TRH297
Lysobacter	bacteria	TRH298
Devosia	bacteria	TRH299
Aureimonas	bacteria	TRH300
Saccharopolyspora	bacteria	TRH301
Qipengyuania	bacteria	TRH302
Luteimonas	bacteria	TRH303
Alloprevotella	bacteria	TRH304
Mycobacterium	bacteria	TRH305
Lachnoanaerobaculum	bacteria	TRH306
Steroidobacter	bacteria	TRH307
Pauljensenia	bacteria	TRH308
Pediococcus	bacteria	TRH309
Actinoplanes	bacteria	TRH310
Pannonibacter	bacteria	TRH311
Tannerella	bacteria	TRH312
Ornithinimicrobium	bacteria	TRH313
Polymorphum	bacteria	TRH314
Bosea	bacteria	TRH315
Variovorax	bacteria	TRH316
Aminobacter	bacteria	TRH317
Parvimonas	bacteria	TRH318
Prorocentrum	eukaryota	TRH319
Acrodontium	eukaryota	TRH320
Mogibacterium	bacteria	TRH321
Phyllosticta	eukaryota	TRH322
Leucosporidium	eukaryota	TRH323
Dothideaceae	eukaryota	TRH324
Duganella	bacteria	TRH325
Mannheimia	bacteria	TRH326
Lancefieldella	bacteria	TRH327
Comamonas	bacteria	TRH328
Oscillatoria	bacteria	TRH329
Actinobacillus	bacteria	TRH330
Lachnospiraceae	bacteria	TRH331
Porphyromonas	bacteria	TRH332
Asticcacaulis	bacteria	TRH333
Diplodia	eukaryota	TRH334
Lobosporangium	eukaryota	TRH335
Plasmodium	eukaryota	TRH336
Schlegelella	bacteria	TRH337
Paenibacillus	bacteria	TRH338
Zymomonas	bacteria	TRH339
Limnohabitans	bacteria	TRH340
Cedecea	bacteria	TRH341
Apiotrichum	eukaryota	TRH342
Faecalibacterium	bacteria	TRH343
Botrytis	eukaryota	TRH344
Meiothermus	bacteria	TRH345
Methylobacterium	bacteria	TRH346
Mucor	eukaryota	TRH347
Pseudogymnoascus	eukaryota	TRH348
Meyerozyma	eukaryota	TRH349
Lasiodiplodia	eukaryota	TRH350
Venustampulla	eukaryota	TRH351
Nakaseomyces	eukaryota	TRH352
Swingsia	bacteria	TRH353
Mycoplasmopsis	bacteria	TRH354
Albugo	eukaryota	TRH355
Mycoplasma	bacteria	TRH356
Golovinomyces	eukaryota	TRH357
Buttiauxella	bacteria	TRH358
Claviceps	eukaryota	TRH359
Saprolegnia	eukaryota	TRH360
Enterococcus	bacteria	TRH361
Rhodospirillum	bacteria	TRH362
Amycolatopsis	bacteria	TRH363
Pseudonocardia	bacteria	TRH364
Saccharomyces	eukaryota	TRH365
Theileria	eukaryota	TRH366
Candida	eukaryota	TRH367
Blastomyces	eukaryota	TRH368
Didymella	eukaryota	TRH369
Clonostachys	eukaryota	TRH370
Sphaerulina	eukaryota	TRH371
Tilletiopsis	eukaryota	TRH372
Limnobacter	bacteria	TRH373
Cutaneotrichosporon	eukaryota	TRH374
Plantibacter	bacteria	TRH375
Raoultella	bacteria	TRH376
Beauveria	eukaryota	TRH377
Phytobacter	bacteria	TRH378
Pectobacterium	bacteria	TRH379
Sordaria	eukaryota	TRH380
Parasitella	eukaryota	TRH381
Undibacterium	bacteria	TRH382
Natronomonas	archaea	TRH383
Sparassis	eukaryota	TRH384
Mytilinidion	eukaryota	TRH385
Rahnella	bacteria	TRH386
Curvibacter	bacteria	TRH387
Anabaena	bacteria	TRH388
Zasmidium	eukaryota	TRH389
Lichtheimia	eukaryota	TRH390
Methylophilus	bacteria	TRH391
Secundilactobacillus	bacteria	TRH392
Pneumocystis	eukaryota	TRH393
Baudoinia	eukaryota	TRH394
Methylothermaceae	bacteria	TRH395
Leifsonia	bacteria	TRH396
Cyberlindnera	eukaryota	TRH397
Sphingomonas	bacteria	TRH398
Croceicoccus	bacteria	TRH399
Brucella	bacteria	TRH400
Aquabacterium	bacteria	TRH401
Porphyrobacter	bacteria	TRH402
Legionella	bacteria	TRH403
Dechloromonas	bacteria	TRH404
Pestalotiopsis	eukaryota	TRH405
Methylorubrum	bacteria	TRH406
Sphingopyxis	bacteria	TRH407
Rhizorhabdus	bacteria	TRH408
Mameliella	bacteria	TRH409
Maricaulis	bacteria	TRH410
Candidatus Phaeomarinobacter	bacteria	TRH411
Marinobacter	bacteria	TRH412
Planctomyces	bacteria	TRH413
Trichosporon	eukaryota	TRH414
Blastomonas	bacteria	TRH415
Thermothelomyces	eukaryota	TRH416
Alteromonas	bacteria	TRH417
Aplosporella	eukaryota	TRH418
Nocardioidaceae	bacteria	TRH419
Nordella	bacteria	TRH420
Arenibacter	bacteria	TRH421
Holtermannia	eukaryota	TRH422
Alkalibacterium	bacteria	TRH423
Glycocaulis	bacteria	TRH424
Aurantiacibacter	bacteria	TRH425
Inhella	bacteria	TRH426
Roseovarius	bacteria	TRH427
Podospora	eukaryota	TRH428
Sulfitobacter	bacteria	TRH429
Aeribacillus	bacteria	TRH430
Salipiger	bacteria	TRH431
Herminiimonas	bacteria	TRH432
Mitsuaria	bacteria	TRH433
Kinneretia	bacteria	TRH434
Myroides	bacteria	TRH435
Sanguibacter	bacteria	TRH436
Erythrobacter	bacteria	TRH437
Granulibacter	bacteria	TRH438
Thiomonas	bacteria	TRH439
Sphingosinicella	bacteria	TRH440
Flammulina	eukaryota	TRH441
Trametes	eukaryota	TRH442
Caldicellulosiruptor	bacteria	TRH443
Anthracocystis	eukaryota	TRH444
Moniliella	eukaryota	TRH445
Vanderwaltozyma	eukaryota	TRH446
Lachancea	eukaryota	TRH447
Jaminaea	eukaryota	TRH448
Melanopsichium	eukaryota	TRH449
Mixta	bacteria	TRH450
Carnobacterium	bacteria	TRH451
Tsuneonella	bacteria	TRH452
Armillaria	eukaryota	TRH453
Cryptococcus	eukaryota	TRH454
Commensalibacter	bacteria	TRH455
Bartonella	bacteria	TRH456
Orbus	bacteria	TRH457
Fructobacillus	bacteria	TRH458
Sodalis	bacteria	TRH459
Chondrocystis	bacteria	TRH460
Candidatus Carsonella	bacteria	TRH461
Nosema	eukaryota	TRH462
Microsporidium	eukaryota	TRH463
Umezawaea	bacteria	TRH464
Actinosynnema	bacteria	TRH465
Spiroplasma	bacteria	TRH466
Izhakiella	bacteria	TRH467
Buchnera	bacteria	TRH468
Kosakonia	bacteria	TRH469
Candidatus Lariskella	bacteria	TRH470
Tsukamurella	bacteria	TRH471
Trypanosoma	eukaryota	TRH472
Carnimonas	bacteria	TRH473
Pigmentiphaga	bacteria	TRH474
Wallaceina	eukaryota	TRH475
Morganella	bacteria	TRH476
Paenarthrobacter	bacteria	TRH477
Ramularia	eukaryota	TRH478
Latilactobacillus	bacteria	TRH479
Paludibacter	bacteria	TRH480
Polaromonas	bacteria	TRH481
Kaistella	bacteria	TRH482
Sandaracinus	bacteria	TRH483
Ascogregarina	eukaryota	TRH484
Bernardetia	bacteria	TRH485
Stemphylium	eukaryota	TRH486
Salinibacterium	bacteria	TRH487
Rosenbergiella	bacteria	TRH488
Dyadobacter	bacteria	TRH489
Bacteriovorax	bacteria	TRH490
Psychromonas	bacteria	TRH491
Aquipluma	bacteria	TRH492
Apicystis	eukaryota	TRH493
Chryseoglobus	bacteria	TRH494
Methylotenera	bacteria	TRH495
Entomophthora	eukaryota	TRH496
Pseudarthrobacter	bacteria	TRH497
Bdellovibrio	bacteria	TRH498
Arcobacter	bacteria	TRH499
Miniimonas	bacteria	TRH500
Cryobacterium	bacteria	TRH501
Pasteurellaceae	bacteria	TRH502
Thioclava	bacteria	TRH503
Weissella	bacteria	TRH504
Chrysoporthe	eukaryota	TRH505
Ceraceosorus	eukaryota	TRH506
Heterobasidion	eukaryota	TRH507
Acytostelium	eukaryota	TRH508
Kuraishia	eukaryota	TRH509
Coniophora	eukaryota	TRH510
Egicoccus	bacteria	TRH511
Lonsdalea	bacteria	TRH512
Dickeya	bacteria	TRH513
Brenneria	bacteria	TRH514
Gibbsiella	bacteria	TRH515
Yersinia	bacteria	TRH516
Erwiniaceae	bacteria	TRH517
Candidatus Curculioniphilus	bacteria	TRH518
Rhodosporidiobolus	eukaryota	TRH519
Naganishia	eukaryota	TRH520
Rhodotorula	eukaryota	TRH521
Protostelium	eukaryota	TRH522
Isospora	eukaryota	TRH523
Curvibasidium	eukaryota	TRH524
Sporisorium	eukaryota	TRH525
Zelonia	eukaryota	TRH526
Macroventuria	eukaryota	TRH527
Phialophora	eukaryota	TRH528
Paraphaeosphaeria	eukaryota	TRH529
Neurospora	eukaryota	TRH530
Cryptosporidium	eukaryota	TRH531
Arsenophonus	bacteria	TRH532
Babesia	eukaryota	TRH533
Naegleria	eukaryota	TRH534
Spizellomyces	eukaryota	TRH535
Phycomyces	eukaryota	TRH536
Neohortaea	eukaryota	TRH537
Kazachstania	eukaryota	TRH538
Suhomyces	eukaryota	TRH539
Dissoconium	eukaryota	TRH540
Purpureocillium	eukaryota	TRH541
Verticillium	eukaryota	TRH542
Trichoderma	eukaryota	TRH543
Eimeria	eukaryota	TRH544
Bombiscardovia	bacteria	TRH545
Tetrapisispora	eukaryota	TRH546
Torulaspora	eukaryota	TRH547
Spathaspora	eukaryota	TRH548
Zygotorulaspora	eukaryota	TRH549
Pseudocercospora	eukaryota	TRH550
Cordyceps	eukaryota	TRH551
Fonsecaea	eukaryota	TRH552
Proteus	bacteria	TRH553
Clostridioides	bacteria	TRH554
Scheffersomyces	eukaryota	TRH555
Sclerotinia	eukaryota	TRH556
Kockovaella	eukaryota	TRH557
Encephalitozoon	eukaryota	TRH558
Lodderomyces	eukaryota	TRH559
Trematosphaeria	eukaryota	TRH560
Rhamphoria	eukaryota	TRH561
Neospora	eukaryota	TRH562
Cyclospora	eukaryota	TRH563
Aphanomyces	eukaryota	TRH564
Batrachochytrium	eukaryota	TRH565
Tetrahymena	eukaryota	TRH566
Brettanomyces	eukaryota	TRH567
Ogataea	eukaryota	TRH568
Entomomonas	bacteria	TRH569
Euglena	eukaryota	TRH570
Melampsora	eukaryota	TRH571
Phaffia	eukaryota	TRH572
Tuber	eukaryota	TRH573
Cunninghamella	eukaryota	TRH574
Rasamsonia	eukaryota	TRH575
Anteholosticha	eukaryota	TRH576
Globobulimina	eukaryota	TRH577
Thermothielavioides	eukaryota	TRH578
Postia	eukaryota	TRH579
Alistipes	bacteria	TRH580
Glaesserella	bacteria	TRH581
Bonordeniella	eukaryota	TRH582
Kluyvera	bacteria	TRH583
Meira	eukaryota	TRH584
Moesziomyces	eukaryota	TRH585
Pleurotus	eukaryota	TRH586
Pichia	eukaryota	TRH587
Ordospora	eukaryota	TRH588
Venturia	eukaryota	TRH589
Coprinopsis	eukaryota	TRH590
Diutina	eukaryota	TRH591
Cavenderia	eukaryota	TRH592
Chaetomium	eukaryota	TRH593
Geosmithia	eukaryota	TRH594
Westerdykella	eukaryota	TRH595
Haemocystidium	eukaryota	TRH596
Hepatospora	eukaryota	TRH597
Polaribacter	bacteria	TRH598
Capronia	eukaryota	TRH599
Pragia	bacteria	TRH600
Polynucleobacter	bacteria	TRH601
Stereum	eukaryota	TRH602
Phytophthora	eukaryota	TRH603
Babjeviella	eukaryota	TRH604
Marssonina	eukaryota	TRH605
Xylona	eukaryota	TRH606
Dothidotthia	eukaryota	TRH607
Sodiomyces	eukaryota	TRH608
Penicilliopsis	eukaryota	TRH609
Dichomitus	eukaryota	TRH610
Cetraria	eukaryota	TRH611
Parabacteroides	bacteria	TRH612
Eikenella	bacteria	TRH613
Angomonas	eukaryota	TRH614
Arthrobotrys	eukaryota	TRH615
Saccharibacter	bacteria	TRH616
Cladophialophora	eukaryota	TRH617
Thyridium	eukaryota	TRH618
Parashewanella	bacteria	TRH619
Thalassotalea	bacteria	TRH620
Schizosaccharomyces	eukaryota	TRH621
Candidatus Nardonella	bacteria	TRH622
Anncaliia	eukaryota	TRH623
Afipia	bacteria	TRH624
Sugiyamaella	eukaryota	TRH625
Botryobasidium	eukaryota	TRH626
Herpetomonas	eukaryota	TRH627
Entamoeba	eukaryota	TRH628
Labilithrix	bacteria	TRH629
Atlantibacter	bacteria	TRH630
Dermabacter	bacteria	TRH631
Strigomonas	eukaryota	TRH632
Rhizophagus	eukaryota	TRH633
Brachyspira	bacteria	TRH634
Laribacter	bacteria	TRH635
Eremothecium	eukaryota	TRH636
Carnobacteriaceae	bacteria	TRH637
Allofrancisella	bacteria	TRH638
Collimonas	bacteria	TRH639
Thalassococcus	bacteria	TRH640
Alcaligenes	bacteria	TRH641
Leptothrix	bacteria	TRH642
Phenylobacterium	bacteria	TRH643
Blautia	bacteria	TRH644
Gloeocapsa	bacteria	TRH645
Gloeocapsopsis	bacteria	TRH646
Gluconacetobacter	bacteria	TRH647
Catenomyces	eukaryota	TRH648
Rhodoferax	bacteria	TRH649
Chelatococcus	bacteria	TRH650
Cobetia	bacteria	TRH651
Hydrogenophilus	bacteria	TRH652
Marinilactibacillus	bacteria	TRH653
Acidothermus	bacteria	TRH654
Aspergillaceae	eukaryota	TRH655
Dysgonomonas	bacteria	TRH656
Alcanivorax	bacteria	TRH657
Creolimax	eukaryota	TRH658
Thecamonas	eukaryota	TRH659
Candidatus Planktophila	bacteria	TRH660
Acidovorax	bacteria	TRH661
Alicycliphilus	bacteria	TRH662
Burkholderiaceae	bacteria	TRH663
Edwardsiella	bacteria	TRH664
Phaeosphaeriaceae	eukaryota	TRH665
Arthrinium	eukaryota	TRH666
Lentzea	bacteria	TRH667
Xylophilus	bacteria	TRH668
Rhodothermaceae	bacteria	TRH669
Thermoanaerobacterium	bacteria	TRH670
Cloacibacterium	bacteria	TRH671
Petrimonas	bacteria	TRH672
Ascosphaera	eukaryota	TRH673
Kangiella	bacteria	TRH674
Acetivibrio	bacteria	TRH675
Mattesia	eukaryota	TRH676
Sarcocystis	eukaryota	TRH677
Wallacemonas	eukaryota	TRH678
Wickerhamiella	eukaryota	TRH679
Alexandrium	eukaryota	TRH680
Zobellella	bacteria	TRH681
Neokomagataea	bacteria	TRH682
Graphium	eukaryota	TRH683
Glomeraceae	eukaryota	TRH684
Desulfobulbus	bacteria	TRH685
Kozakia	bacteria	TRH686
Calophoma	eukaryota	TRH687
Scedosporium	eukaryota	TRH688
Pedosphaera	bacteria	TRH689
Heterophoma	eukaryota	TRH690
Microascus	eukaryota	TRH691
Priceomyces	eukaryota	TRH692
Flavihumibacter	bacteria	TRH693
Pseudobacter	bacteria	TRH694
Boeremia	eukaryota	TRH695
Tremellaceae	eukaryota	TRH696
Halotalea	bacteria	TRH697
Photobacterium	bacteria	TRH698
Plesiomonas	bacteria	TRH699
Trypanosomatidae	eukaryota	TRH700
Sporolactobacillus	bacteria	TRH701
Physarum	eukaryota	TRH702
Endotrypanum	eukaryota	TRH703
Simonsiella	bacteria	TRH704
Orbaceae	bacteria	TRH705
Companilactobacillus	bacteria	TRH706
Vitreoscilla	bacteria	TRH707
Acidiphilium	bacteria	TRH708
Tyzzerella	bacteria	TRH709
Alysiella	bacteria	TRH710
Abiotrophia	bacteria	TRH711
Lentilactobacillus	bacteria	TRH712
Fructilactobacillus	bacteria	TRH713
Stenella	eukaryota	TRH714
Bacidina	eukaryota	TRH715
Candidatus Cardinium	bacteria	TRH716
Besnoitia	eukaryota	TRH717
Symmetrospora	eukaryota	TRH718
Gemmata	bacteria	TRH719
Komagataeibacter	bacteria	TRH720
Priestia	bacteria	TRH721
Paratrypanosoma	eukaryota	TRH722
Blastocystis	eukaryota	TRH723
Holomastigotoides	eukaryota	TRH724
Lachnellula	eukaryota	TRH725
Anaerobutyricum	bacteria	TRH726
Hypocoma	eukaryota	TRH727
Galactomyces	eukaryota	TRH728
Virgibacillus	bacteria	TRH729
Strobilidium	eukaryota	TRH730
Metarhizium	eukaryota	TRH731
Tenacibaculum	bacteria	TRH732
Moraxellaceae	bacteria	TRH733
Micropruina	bacteria	TRH734
Ethanoligenens	bacteria	TRH735
Huntiella	eukaryota	TRH736
Macrococcus	bacteria	TRH737
Ophiostoma	eukaryota	TRH738
Microcella	bacteria	TRH739
Alkalihalobacillus	bacteria	TRH740
Winogradskyella	bacteria	TRH741
Paramecium	eukaryota	TRH742
Phlyctema	eukaryota	TRH743
Pseudanabaena	bacteria	TRH744
Fissurina	eukaryota	TRH745
Methanomassiliicoccus	archaea	TRH746
Sporothrix	eukaryota	TRH747
Alicyclobacillus	bacteria	TRH748
Proteiniphilum	bacteria	TRH749
Tubulinosema	eukaryota	TRH750
Pluteus	eukaryota	TRH751
Nowakowskiella	eukaryota	TRH752
Clitocybe	eukaryota	TRH753
Ceratocystis	eukaryota	TRH754
Davidsoniella	eukaryota	TRH755
Ambrosiella	eukaryota	TRH756
Auricularia	eukaryota	TRH757
Pseudomicrostroma	eukaryota	TRH758
Amanita	eukaryota	TRH759
Ambrosiozyma	eukaryota	TRH760
Phialophoropsis	eukaryota	TRH761
Floccularia	eukaryota	TRH762
Lacibacter	bacteria	TRH763
Berkeleyomyces	eukaryota	TRH764
Termitomyces	eukaryota	TRH765
Nakamurella	bacteria	TRH766
Micromonospora	bacteria	TRH767
Tautonia	bacteria	TRH768
Amniculibacterium	bacteria	TRH769
Sandaracinobacter	bacteria	TRH770
Plasmopara	eukaryota	TRH771
Roseobacter	bacteria	TRH772
Roseivivax	bacteria	TRH773
Exidia	eukaryota	TRH774
Sporobolomyces	eukaryota	TRH775
Betapartitivirus	viruses	TRH776
Parvoviridae	viruses	TRH777
Iflavirus	viruses	TRH778
Tobamovirus	viruses	TRH779
Gammaretrovirus	viruses	TRH780
Potexvirus	viruses	TRH781
Siphoviridae	viruses	TRH782
Orthorubulavirus	viruses	TRH783
Lambdavirus	viruses	TRH784
Teseptimavirus	viruses	TRH785
Zindervirus	viruses	TRH786
Sinaivirus	viruses	TRH787
Triatovirus	viruses	TRH788
Teetrevirus	viruses	TRH789
Potyvirus	viruses	TRH790
Polerovirus	viruses	TRH791
Aparavirus	viruses	TRH792
Capillovirus	viruses	TRH793
Dicistroviridae	viruses	TRH794
Peribunyaviridae	viruses	TRH795
Comovirus	viruses	TRH796
Virgaviridae	viruses	TRH797
Orthomyxoviridae	viruses	TRH798
Phlebovirus	viruses	TRH799
Chlorovirus	viruses	TRH800
Cripavirus	viruses	TRH801
Reoviridae	viruses	TRH802
Nepovirus	viruses	TRH803
Rhabdoviridae	viruses	TRH804
Ilarvirus	viruses	TRH805
Fabavirus	viruses	TRH806
Orthophasmavirus	viruses	TRH807
Phasmaviridae	viruses	TRH808
Flaviviridae	viruses	TRH809
Sobemovirus	viruses	TRH810
Betaflexiviridae	viruses	TRH811
Amalgaviridae	viruses	TRH812
Cucumovirus	viruses	TRH813
Betacarmovirus	viruses	TRH814
Maculavirus	viruses	TRH815
Negevirus	viruses	TRH816
Secoviridae	viruses	TRH817
Chuviridae	viruses	TRH818
Tymoviridae	viruses	TRH819
Iflaviridae	viruses	TRH820
